{
  "mode": "feasible",
  "source": "best_weighted",
  "fitness": {
    "effort": -2784.6298828125,
    "adjacency": -220.52999877929688,
    "violations": 48.93000030517578
  },
  "change_count": 559,
  "access_report": {
    "valid": true,
    "reachable_layers": [
      0,
      1,
      2,
      3,
      4,
      5,
      6,
      7,
      8,
      9,
      10
    ],
    "required_layers": [
      1,
      2,
      3,
      4,
      5,
      6,
      7,
      8,
      9,
      10
    ],
    "access_costs": {
      "0": 0.0,
      "1": 1.5,
      "2": 2.5,
      "3": 3.5,
      "4": 1.5,
      "5": 3.5,
      "6": 1.5,
      "7": 3.5,
      "10": 5.5,
      "9": 3.5,
      "8": 3.5
    }
  }
}